ROUGE-Type,Task Name,System Name,Avg_Recall,Avg_Precision,Avg_F-Score,Num Reference Summaries
ROUGE-3,AP880927-0089,SYSSUM1.TXT,0.02727,0.125,0.04478,1
ROUGE-3,LA051190-0185,SYSSUM1.TXT,0.14286,0.66667,0.23529,1
ROUGE-3,SJMN91-06246065,SYSSUM1.TXT,0,0,0,1
ROUGE-3,WSJ880621-0079,SYSSUM1.TXT,0.02062,0.06667,0.0315,1
ROUGE-3,FBIS4-27602,SYSSUM1.TXT,0.23,0.52273,0.31944,1
ROUGE-3,AP890511-0126,SYSSUM1.TXT,0.02222,0.07692,0.03448,1
ROUGE-3,LA100789-0007,SYSSUM1.TXT,0,0,0,1
ROUGE-3,AP890326-0081,SYSSUM1.TXT,0.06604,0.29167,0.10769,1
ROUGE-3,LA042290-0104,SYSSUM1.TXT,0.04167,0.17391,0.06723,1
ROUGE-3,SJMN91-06105230,SYSSUM1.TXT,0,0,0,1
ROUGE-3,AP881210-0115,SYSSUM1.TXT,0,0,0,1
ROUGE-3,WSJ870227-0149,SYSSUM1.TXT,0,0,0,1
ROUGE-3,AP890502-0205,SYSSUM1.TXT,0.08696,0.66667,0.15385,1
ROUGE-3,AP900428-0108,SYSSUM1.TXT,0.0495,0.3125,0.08547,1
ROUGE-3,SJMN91-06143070,SYSSUM1.TXT,0.0098,0.04762,0.01626,1
ROUGE-3,LA040789-0051,SYSSUM1.TXT,0.06,0.2,0.09231,1
ROUGE-3,FT934-11014,SYSSUM1.TXT,0.03,0.10345,0.04651,1
ROUGE-3,FBIS3-51875,SYSSUM1.TXT,0,0,0,1
ROUGE-3,AP890111-0227,SYSSUM1.TXT,0.0303,0.13043,0.04918,1
ROUGE-3,AP900529-0005,SYSSUM1.TXT,0.02857,0.125,0.04651,1
ROUGE-3,SJMN91-06212161,SYSSUM1.TXT,0.04124,0.11429,0.06061,1
ROUGE-3,WSJ920211-0036,SYSSUM1.TXT,0.03061,0.13043,0.04959,1
ROUGE-3,FBIS4-56863,SYSSUM1.TXT,0.01,0.05556,0.01695,1
ROUGE-3,AP880928-0146,SYSSUM1.TXT,0.11957,0.44,0.18803,1
ROUGE-3,LA051590-0065,SYSSUM1.TXT,0.27723,0.93333,0.42748,1
ROUGE-3,AP880714-0142,SYSSUM1.TXT,0.02,0.09091,0.03279,1
ROUGE-3,AP890228-0019,SYSSUM1.TXT,0.03125,0.09375,0.04688,1
ROUGE-3,FT923-5797,SYSSUM1.TXT,0.04762,0.17857,0.07519,1
ROUGE-3,AP880914-0027,SYSSUM1.TXT,0.05556,0.27273,0.09231,1
ROUGE-3,AP880629-0159,SYSSUM1.TXT,0.02083,0.13333,0.03604,1
ROUGE-3,AP891210-0079,SYSSUM1.TXT,0,0,0,1
ROUGE-3,SJMN91-06169114,SYSSUM1.TXT,0,0,0,1
ROUGE-3,WSJ910304-0005,SYSSUM1.TXT,0.01064,0.04545,0.01724,1
ROUGE-3,WSJ910304-0002,SYSSUM1.TXT,0,0,0,1
ROUGE-3,AP890111-0217,SYSSUM1.TXT,0.0101,0.03448,0.01562,1
ROUGE-3,FT911-2650,SYSSUM1.TXT,0,0,0,1
ROUGE-3,AP890708-0135,SYSSUM1.TXT,0.17143,0.72,0.27692,1
ROUGE-3,AP901029-0035,SYSSUM1.TXT,0.00901,0.04348,0.01493,1
ROUGE-3,AP880601-0040,SYSSUM1.TXT,0.14,0.4375,0.21212,1
ROUGE-3,AP900512-0038,SYSSUM1.TXT,0.16162,0.94118,0.27586,1
ROUGE-3,WSJ870306-0171,SYSSUM1.TXT,0.06863,0.19444,0.10145,1
ROUGE-3,WSJ911224-0085,SYSSUM1.TXT,0,0,0,1
ROUGE-3,AP890805-0126,SYSSUM1.TXT,0.0101,0.07143,0.0177,1
ROUGE-3,AP900428-0005,SYSSUM1.TXT,0.13131,0.61905,0.21667,1
ROUGE-3,AP890501-0176,SYSSUM1.TXT,0.13131,0.52,0.20968,1
ROUGE-3,SJMN91-06189077,SYSSUM1.TXT,0,0,0,1
ROUGE-3,AP900703-0040,SYSSUM1.TXT,0.01,0.04762,0.01653,1
ROUGE-3,SJMN91-06312120,SYSSUM1.TXT,0,0,0,1
ROUGE-3,AP891213-0004,SYSSUM1.TXT,0.00806,0.07143,0.01449,1
ROUGE-3,SJMN91-06192123,SYSSUM1.TXT,0,0,0,1
ROUGE-3,AP900625-0160,SYSSUM1.TXT,0.0297,0.14286,0.04918,1
ROUGE-3,LA101090-0017,SYSSUM1.TXT,0,0,0,1
ROUGE-3,AP901010-0036,SYSSUM1.TXT,0.0404,0.25,0.06957,1
ROUGE-3,AP880331-0140,SYSSUM1.TXT,0.07143,0.31818,0.11667,1
ROUGE-3,WSJ870818-0002,SYSSUM1.TXT,0.03061,0.12,0.04878,1
ROUGE-3,WSJ910326-0090,SYSSUM1.TXT,0,0,0,1
ROUGE-3,FT943-5628,SYSSUM1.TXT,0,0,0,1
ROUGE-3,LA093089-0076,SYSSUM1.TXT,0,0,0,1
ROUGE-3,SJMN91-06161012,SYSSUM1.TXT,0,0,0,1
ROUGE-3,FBIS3-23360,SYSSUM1.TXT,0.13861,0.51852,0.21875,1
ROUGE-3,AP900217-0078,SYSSUM1.TXT,0,0,0,1
ROUGE-3,LA043089-0197,SYSSUM1.TXT,0.08642,0.28,0.13208,1
ROUGE-3,LA103089-0070,SYSSUM1.TXT,0.09524,0.2963,0.14414,1
ROUGE-3,LA021090-0005,SYSSUM1.TXT,0,0,0,1
ROUGE-3,AP880419-0131,SYSSUM1.TXT,0.14141,0.56,0.22581,1
ROUGE-3,LA102189-0151,SYSSUM1.TXT,0.1,0.34483,0.15504,1
ROUGE-3,LA041889-0039,SYSSUM1.TXT,0,0,0,1
ROUGE-3,AP900601-0040,SYSSUM1.TXT,0.12963,0.51852,0.20741,1
ROUGE-3,AP880613-0161,SYSSUM1.TXT,0.08,0.33333,0.12903,1
ROUGE-3,AP901013-0046,SYSSUM1.TXT,0,0,0,1
ROUGE-3,FBIS3-22942,SYSSUM1.TXT,0,0,0,1
ROUGE-3,WSJ890828-0011,SYSSUM1.TXT,0.0087,0.04762,0.01471,1
ROUGE-3,WSJ910405-0154,SYSSUM1.TXT,0.04,0.12903,0.06107,1
ROUGE-3,AP880623-0135,SYSSUM1.TXT,0.03846,0.17391,0.06299,1
ROUGE-3,WSJ910529-0003,SYSSUM1.TXT,0.11009,0.66667,0.18898,1
ROUGE-3,AP881018-0136,SYSSUM1.TXT,0.01,0.04762,0.01653,1
ROUGE-3,WSJ870908-0047,SYSSUM1.TXT,0.08333,0.45,0.14062,1
ROUGE-3,AP900521-0063,SYSSUM1.TXT,0,0,0,1
ROUGE-3,AP890403-0123,SYSSUM1.TXT,0.04762,0.12821,0.06944,1
ROUGE-3,FT932-5855,SYSSUM1.TXT,0.11538,0.4,0.1791,1
ROUGE-3,AP880913-0204,SYSSUM1.TXT,0.0198,0.09091,0.03252,1
ROUGE-3,LA010890-0031,SYSSUM1.TXT,0.04,0.26667,0.06957,1
ROUGE-3,AP880902-0062,SYSSUM1.TXT,0.03158,0.11538,0.04959,1
ROUGE-3,AP880630-0295,SYSSUM1.TXT,0.08791,0.28571,0.13445,1
ROUGE-3,LA091889-0088,SYSSUM1.TXT,0.08333,0.21622,0.1203,1
ROUGE-3,AP881227-0185,SYSSUM1.TXT,0.01905,0.1,0.032,1
ROUGE-3,LA110590-0038,SYSSUM1.TXT,0.02885,0.1875,0.05,1
ROUGE-3,SJMN91-06184088,SYSSUM1.TXT,0,0,0,1
ROUGE-3,LA032789-0038,SYSSUM1.TXT,0.09524,0.3125,0.14599,1
ROUGE-3,WSJ880617-0024,SYSSUM1.TXT,0.06122,0.26087,0.09917,1
ROUGE-3,AP880816-0234,SYSSUM1.TXT,0.0303,0.13636,0.04959,1
ROUGE-3,LA042490-0142,SYSSUM1.TXT,0.21359,0.84615,0.34109,1
ROUGE-3,LA080189-0042,SYSSUM1.TXT,0.11224,0.34375,0.16923,1
ROUGE-3,SJMN91-06193235,SYSSUM1.TXT,0,0,0,1
ROUGE-3,LA121189-0017,SYSSUM1.TXT,0.02727,0.06977,0.03922,1
ROUGE-3,FBIS3-11919,SYSSUM1.TXT,0.10101,0.41667,0.1626,1
ROUGE-3,FT923-5089,SYSSUM1.TXT,0.0099,0.03571,0.0155,1
ROUGE-3,AP900910-0020,SYSSUM1.TXT,0,0,0,1
ROUGE-3,WSJ910628-0109,SYSSUM1.TXT,0,0,0,1
ROUGE-3,AP900215-0031,SYSSUM1.TXT,0.0198,0.09091,0.03252,1
ROUGE-3,LA101690-0040,SYSSUM1.TXT,0.03093,0.125,0.04959,1
ROUGE-3,SJMN91-06191174,SYSSUM1.TXT,0,0,0,1
ROUGE-3,WSJ880923-0163,SYSSUM1.TXT,0,0,0,1
ROUGE-3,FT931-341,SYSSUM1.TXT,0,0,0,1
ROUGE-3,FT934-8748,SYSSUM1.TXT,0.04902,0.10204,0.06623,1
ROUGE-3,FT934-8628,SYSSUM1.TXT,0,0,0,1
ROUGE-3,SJMN91-06187248,SYSSUM1.TXT,0,0,0,1
ROUGE-3,AP900619-0006,SYSSUM1.TXT,0.17822,0.94737,0.3,1
ROUGE-3,LA032589-0044,SYSSUM1.TXT,0.0367,0.11765,0.05594,1
ROUGE-3,FT941-4219,SYSSUM1.TXT,0.02041,0.18182,0.0367,1
ROUGE-3,AP890404-0260,SYSSUM1.TXT,0.00962,0.04545,0.01587,1
ROUGE-3,LA092490-0095,SYSSUM1.TXT,0,0,0,1
ROUGE-3,AP880517-0226,SYSSUM1.TXT,0.03191,0.16667,0.05357,1
ROUGE-3,AP890313-0198,SYSSUM1.TXT,0,0,0,1
ROUGE-3,SJMN91-06255434,SYSSUM1.TXT,0.02198,0.25,0.0404,1
ROUGE-3,SJMN91-06191081,SYSSUM1.TXT,0.0098,0.04,0.01575,1
ROUGE-3,AP881222-0126,SYSSUM1.TXT,0.15306,0.83333,0.25862,1
ROUGE-3,WSJ900615-0131,SYSSUM1.TXT,0,0,0,1
ROUGE-3,AP880318-0051,SYSSUM1.TXT,0.02041,0.09091,0.03333,1
ROUGE-3,AP890922-0167,SYSSUM1.TXT,0.05618,0.25,0.09174,1
ROUGE-3,LA072089-0140,SYSSUM1.TXT,0.0198,0.04651,0.02778,1
ROUGE-3,SJMN91-06084228,SYSSUM1.TXT,0,0,0,1
ROUGE-3,AP881211-0027,SYSSUM1.TXT,0.13592,0.5,0.21374,1
ROUGE-3,AP890316-0018,SYSSUM1.TXT,0.06863,0.30435,0.112,1
ROUGE-3,WSJ900914-0127,SYSSUM1.TXT,0,0,0,1
ROUGE-3,WSJ900418-0193,SYSSUM1.TXT,0,0,0,1
ROUGE-3,AP891028-0022,SYSSUM1.TXT,0.02941,0.15789,0.04959,1
ROUGE-3,LA102190-0045,SYSSUM1.TXT,0.05357,0.35294,0.09302,1
ROUGE-3,AP890325-0029,SYSSUM1.TXT,0.10092,0.39286,0.16058,1
ROUGE-3,FT923-6038,SYSSUM1.TXT,0.01961,0.07143,0.03077,1
ROUGE-3,AP901130-0060,SYSSUM1.TXT,0.0303,0.125,0.04878,1
ROUGE-3,WSJ871215-0109,SYSSUM1.TXT,0,0,0,1
ROUGE-3,AP881017-0235,SYSSUM1.TXT,0,0,0,1
ROUGE-3,AP890325-0143,SYSSUM1.TXT,0,0,0,1
ROUGE-3,SJMN91-06071022,SYSSUM1.TXT,0.09901,0.38462,0.15748,1
ROUGE-3,AP881222-0119,SYSSUM1.TXT,0.08333,0.32,0.13223,1
ROUGE-3,FBIS-41815,SYSSUM1.TXT,0,0,0,1
ROUGE-3,AP901030-0216,SYSSUM1.TXT,0.14851,0.65217,0.24194,1
ROUGE-3,FT923-7126,SYSSUM1.TXT,0,0,0,1
ROUGE-3,WSJ870501-0141,SYSSUM1.TXT,0,0,0,1
ROUGE-3,LA120389-0130,SYSSUM1.TXT,0,0,0,1
ROUGE-3,LA040689-0056,SYSSUM1.TXT,0.08571,0.32143,0.13534,1
ROUGE-3,LA030889-0163,SYSSUM1.TXT,0.1413,0.41935,0.21138,1
ROUGE-3,LA071590-0068,SYSSUM1.TXT,0.23301,0.72727,0.35294,1
ROUGE-3,LA042190-0060,SYSSUM1.TXT,0.14706,0.65217,0.24,1
ROUGE-3,FT923-5859,SYSSUM1.TXT,0.01923,0.06452,0.02963,1
ROUGE-3,SJMN91-06301029,SYSSUM1.TXT,0,0,0,1
ROUGE-3,AP880901-0052,SYSSUM1.TXT,0.02804,0.125,0.0458,1
ROUGE-3,LA081589-0043,SYSSUM1.TXT,0,0,0,1
ROUGE-3,FT933-6011,SYSSUM1.TXT,0,0,0,1
ROUGE-3,WSJ910208-0130,SYSSUM1.TXT,0,0,0,1
ROUGE-3,AP900829-0120,SYSSUM1.TXT,0.03922,0.14815,0.06202,1
ROUGE-3,AP901231-0012,SYSSUM1.TXT,0,0,0,1
ROUGE-3,AP900323-0036,SYSSUM1.TXT,0.07229,0.15,0.09756,1
ROUGE-3,FT934-9116,SYSSUM1.TXT,0,0,0,1
ROUGE-3,LA093089-0126,SYSSUM1.TXT,0.01064,0.04167,0.01695,1
ROUGE-3,AP890227-0016,SYSSUM1.TXT,0,0,0,1
ROUGE-3,AP880913-0129,SYSSUM1.TXT,0.02857,0.10345,0.04478,1
ROUGE-3,FT933-5709,SYSSUM1.TXT,0.0099,0.04,0.01587,1
ROUGE-3,SJMN91-06283083,SYSSUM1.TXT,0,0,0,1
ROUGE-3,WSJ870123-0101,SYSSUM1.TXT,0,0,0,1
ROUGE-3,AP881206-0114,SYSSUM1.TXT,0.02174,0.13333,0.03738,1
ROUGE-3,AP900313-0191,SYSSUM1.TXT,0.04587,0.33333,0.08065,1
ROUGE-3,AP881126-0007,SYSSUM1.TXT,0.03604,0.17391,0.0597,1
ROUGE-3,LA081890-0039,SYSSUM1.TXT,0.1068,0.44,0.17188,1
ROUGE-3,AP900607-0039,SYSSUM1.TXT,0.08824,0.33333,0.13953,1
ROUGE-3,AP880330-0119,SYSSUM1.TXT,0.04762,0.22727,0.07874,1
ROUGE-3,WSJ910710-0123,SYSSUM1.TXT,0,0,0,1
ROUGE-3,FT943-4951,SYSSUM1.TXT,0.0463,0.12821,0.06803,1
ROUGE-3,WSJ910107-0139,SYSSUM1.TXT,0,0,0,1
ROUGE-3,FT932-12322,SYSSUM1.TXT,0.04902,0.3125,0.08475,1
ROUGE-3,AP900424-0035,SYSSUM1.TXT,0.04854,0.41667,0.08696,1
ROUGE-3,LA081490-0030,SYSSUM1.TXT,0.03,0.13636,0.04918,1
ROUGE-3,SJMN91-06142126,SYSSUM1.TXT,0,0,0,1
ROUGE-3,AP890719-0225,SYSSUM1.TXT,0.00935,0.07143,0.01653,1
ROUGE-3,LA080790-0111,SYSSUM1.TXT,0.02885,0.10345,0.04511,1
ROUGE-3,AP880510-0178,SYSSUM1.TXT,0.06931,0.5,0.12174,1
ROUGE-3,LA030789-0047,SYSSUM1.TXT,0.11321,0.63158,0.192,1
ROUGE-3,LA073089-0118,SYSSUM1.TXT,0,0,0,1
ROUGE-3,FT941-1547,SYSSUM1.TXT,0.05376,0.22727,0.08696,1
ROUGE-3,FBIS3-30788,SYSSUM1.TXT,0.00952,0.05556,0.01626,1
ROUGE-3,LA070189-0080,SYSSUM1.TXT,0.16822,0.81818,0.27907,1
ROUGE-3,AP890801-0025,SYSSUM1.TXT,0.0101,0.03846,0.016,1
ROUGE-3,WSJ911121-0136,SYSSUM1.TXT,0,0,0,1
ROUGE-3,FT923-5835,SYSSUM1.TXT,0.1,0.17742,0.12791,1
ROUGE-3,AP890704-0043,SYSSUM1.TXT,0.11111,0.61111,0.18803,1
ROUGE-3,WSJ910702-0078,SYSSUM1.TXT,0.0102,0.0625,0.01754,1
ROUGE-3,LA012090-0090,SYSSUM1.TXT,0,0,0,1
ROUGE-3,AP890131-0280,SYSSUM1.TXT,0.04762,0.22727,0.07874,1
ROUGE-3,AP900316-0028,SYSSUM1.TXT,0,0,0,1
ROUGE-3,AP891116-0115,SYSSUM1.TXT,0.08911,0.34615,0.14173,1
ROUGE-3,LA012590-0174,SYSSUM1.TXT,0.12245,0.27273,0.16901,1
ROUGE-3,AP900511-0159,SYSSUM1.TXT,0.03922,0.21053,0.06612,1
ROUGE-3,AP890714-0129,SYSSUM1.TXT,0.27083,1,0.42623,1
ROUGE-3,FT911-3463,SYSSUM1.TXT,0,0,0,1
ROUGE-3,FBIS3-41,SYSSUM1.TXT,0.02083,0.07143,0.03226,1
ROUGE-3,FT931-11394,SYSSUM1.TXT,0,0,0,1
ROUGE-3,AP880409-0015,SYSSUM1.TXT,0.03922,0.14815,0.06202,1
ROUGE-3,AP880811-0299,SYSSUM1.TXT,0.01739,0.07692,0.02837,1
ROUGE-3,AP881009-0072,SYSSUM1.TXT,0.03226,0.125,0.05128,1
ROUGE-3,AP900629-0260,SYSSUM1.TXT,0,0,0,1
ROUGE-3,WSJ910710-0148,SYSSUM1.TXT,0.12745,0.46429,0.2,1
ROUGE-3,AP900322-0200,SYSSUM1.TXT,0.09069,0.575,0.15666,2
ROUGE-3,AP900322-0200,SYSTEM,0,0,0,2
ROUGE-3,FT941-1750,SYSSUM1.TXT,0.03922,0.15385,0.0625,1
ROUGE-3,FT933-2760,SYSSUM1.TXT,0,0,0,1
ROUGE-3,FT943-12341,SYSSUM1.TXT,0,0,0,1
ROUGE-3,AP880914-0079,SYSSUM1.TXT,0,0,0,1
ROUGE-3,FT922-6646,SYSSUM1.TXT,0,0,0,1
ROUGE-3,FT923-6110,SYSSUM1.TXT,0.00971,0.03448,0.01515,1
ROUGE-3,AP880520-0264,SYSSUM1.TXT,0.00962,0.06667,0.01681,1
ROUGE-3,AP890907-0221,SYSSUM1.TXT,0.09474,0.47368,0.15789,1
ROUGE-3,SJMN91-06012224,SYSSUM1.TXT,0.0202,0.0625,0.03053,1
ROUGE-3,FT923-5267,SYSSUM1.TXT,0.13333,0.48276,0.20896,1
ROUGE-3,AP880927-0117,SYSSUM1.TXT,0.08696,0.4,0.14286,1
ROUGE-3,AP900721-0110,SYSSUM1.TXT,0,0,0,1
ROUGE-3,LA021689-0227,SYSSUM1.TXT,0.05102,0.19231,0.08065,1
ROUGE-3,FT921-9310,SYSSUM1.TXT,0.04902,0.27778,0.08333,1
ROUGE-3,AP891201-0100,SYSSUM1.TXT,0,0,0,1
ROUGE-3,AP900426-0054,SYSSUM1.TXT,0.05208,0.18519,0.0813,1
ROUGE-3,LA101289-0194,SYSSUM1.TXT,0,0,0,1
ROUGE-3,AP880801-0195,SYSSUM1.TXT,0.03922,0.30769,0.06957,1
ROUGE-3,AP900416-0188,SYSSUM1.TXT,0,0,0,1
ROUGE-3,WSJ911212-0080,SYSSUM1.TXT,0,0,0,1
ROUGE-3,FT921-305,SYSSUM1.TXT,0.1165,0.34286,0.17391,1
ROUGE-3,FT941-575,SYSSUM1.TXT,0.0202,0.08333,0.03252,1
ROUGE-3,WSJ920103-0037,SYSSUM1.TXT,0,0,0,1
ROUGE-3,WSJ910607-0063,SYSSUM1.TXT,0.01075,0.09091,0.01923,1
ROUGE-3,SJMN91-06276078,SYSSUM1.TXT,0,0,0,1
ROUGE-3,AP890803-0008,SYSSUM1.TXT,0.13592,0.51852,0.21538,1
ROUGE-3,LA011889-0067,SYSSUM1.TXT,0.26263,0.74286,0.38806,1
ROUGE-3,AP900322-0192,SYSSUM1.TXT,0,0,0,1
ROUGE-3,WSJ900705-0145,SYSSUM1.TXT,0.0099,0.03125,0.01504,1
ROUGE-3,AP890307-0150,SYSSUM1.TXT,0.03,0.15,0.05,1
ROUGE-3,SJMN91-06193081,SYSSUM1.TXT,0,0,0,1
ROUGE-3,SJMN91-06129119,SYSSUM1.TXT,0.00971,0.1,0.0177,1
ROUGE-3,AP880705-0006,SYSSUM1.TXT,0.31429,1,0.47826,1
ROUGE-3,LA030489-0068,SYSSUM1.TXT,0.17172,0.54839,0.26154,1
ROUGE-3,WSJ911031-0012,SYSSUM1.TXT,0,0,0,1
ROUGE-3,AP901012-0032,SYSSUM1.TXT,0.06186,0.28571,0.10169,1
ROUGE-3,SJMN91-06184003,SYSSUM1.TXT,0.02941,0.14286,0.04878,1
ROUGE-3,AP890930-0100,SYSSUM1.TXT,0.0098,0.04348,0.016,1
ROUGE-3,LA052289-0050,SYSSUM1.TXT,0,0,0,1
ROUGE-3,LA042790-0205,SYSSUM1.TXT,0,0,0,1
ROUGE-3,AP900306-0105,SYSSUM1.TXT,0.04211,0.2,0.06957,1
ROUGE-3,FT923-6455,SYSSUM1.TXT,0.2,0.64516,0.30534,1
ROUGE-3,AP890302-0063,SYSSUM1.TXT,0.04348,0.2,0.07143,1
ROUGE-3,SJMN91-06195131,SYSSUM1.TXT,0,0,0,1
ROUGE-3,AP880926-0203,SYSSUM1.TXT,0.03,0.16667,0.05085,1
ROUGE-3,AP880705-0018,SYSSUM1.TXT,0.13861,0.42424,0.20896,1
ROUGE-3,AP881216-0017,SYSSUM1.TXT,0.04,0.13333,0.06154,1
ROUGE-3,AP890314-0237,SYSSUM1.TXT,0,0,0,1
ROUGE-3,SJMN91-06290146,SYSSUM1.TXT,0.01149,0.02857,0.01639,1
ROUGE-3,WSJ911030-0008,SYSSUM1.TXT,0,0,0,1
ROUGE-3,FT922-10200,SYSSUM1.TXT,0.03922,0.11765,0.05882,1
ROUGE-3,WSJ911106-0109,SYSSUM1.TXT,0,0,0,1
ROUGE-3,AP900419-0121,SYSSUM1.TXT,0.04762,0.3125,0.08264,1
ROUGE-3,FT934-13350,SYSSUM1.TXT,0.12121,0.48,0.19355,1
ROUGE-3,WSJ910718-0143,SYSSUM1.TXT,0,0,0,1
ROUGE-3,FT944-18184,SYSSUM1.TXT,0.07767,0.19512,0.11111,1
ROUGE-3,AP890722-0081,SYSSUM1.TXT,0.01099,0.0625,0.01869,1
ROUGE-3,FBIS4-67721,SYSSUM1.TXT,0,0,0,1
ROUGE-3,FT933-10881,SYSSUM1.TXT,0.04902,0.26316,0.08264,1
ROUGE-3,LA110490-0184,SYSSUM1.TXT,0.04902,0.18519,0.07752,1
ROUGE-3,FBIS-45908,SYSSUM1.TXT,0,0,0,1
ROUGE-3,AP900928-0054,SYSSUM1.TXT,0.05155,0.20833,0.08264,1
ROUGE-3,LA092189-0123,SYSSUM1.TXT,0.08247,0.27586,0.12698,1
ROUGE-3,AP880705-0109,SYSSUM1.TXT,0.14423,0.83333,0.2459,1
ROUGE-3,AP891006-0029,SYSSUM1.TXT,0.14894,0.63636,0.24138,1
ROUGE-3,FT931-3883,SYSSUM1.TXT,0,0,0,1
ROUGE-3,AP890802-0064,SYSSUM1.TXT,0,0,0,1
ROUGE-3,LA061589-0143,SYSSUM1.TXT,0.1134,0.30556,0.16541,1
ROUGE-3,SJMN91-06136305,SYSSUM1.TXT,0.01031,0.03846,0.01626,1
ROUGE-3,AP891017-0204,SYSSUM1.TXT,0.00952,0.04762,0.01587,1
ROUGE-3,AP880217-0175,SYSSUM1.TXT,0.04,0.15385,0.06349,1
ROUGE-3,LA103089-0043,SYSSUM1.TXT,0,0,0,1
ROUGE-3,LA060490-0083,SYSSUM1.TXT,0.0099,0.04167,0.016,1
ROUGE-3,FT911-5176,SYSSUM1.TXT,0.03846,0.22222,0.06557,1
ROUGE-3,WSJ920114-0145,SYSSUM1.TXT,0,0,0,1
ROUGE-3,FT922-8860,SYSSUM1.TXT,0.04082,0.13793,0.06299,1
ROUGE-3,AP880903-0092,SYSSUM1.TXT,0.02913,0.2,0.05085,1
ROUGE-3,LA050889-0075,SYSSUM1.TXT,0.01042,0.07143,0.01818,1
ROUGE-3,LA120290-0163,SYSSUM1.TXT,0.13592,0.5,0.21374,1
ROUGE-3,FT922-3171,SYSSUM1.TXT,0.02913,0.3,0.0531,1
ROUGE-3,SJMN91-06184021,SYSSUM1.TXT,0,0,0,1
ROUGE-3,AP901031-0024,SYSSUM1.TXT,0.08081,0.36364,0.13223,1
ROUGE-3,AP901203-0166,SYSSUM1.TXT,0.0098,0.04,0.01575,1
ROUGE-3,FT933-8941,SYSSUM1.TXT,0.05825,0.2069,0.09091,1
ROUGE-3,FT934-12800,SYSSUM1.TXT,0,0,0,1
ROUGE-3,WSJ900918-0121,SYSSUM1.TXT,0,0,0,1
ROUGE-3,FT934-5781,SYSSUM1.TXT,0,0,0,1
ROUGE-3,WSJ910709-0115,SYSSUM1.TXT,0,0,0,1
ROUGE-3,AP890529-0030,SYSSUM1.TXT,0.02885,0.13636,0.04762,1
ROUGE-3,AP890322-0010,SYSSUM1.TXT,0,0,0,1
ROUGE-3,WSJ871216-0037,SYSSUM1.TXT,0.01042,0.03846,0.01639,1
ROUGE-3,FT933-8272,SYSSUM1.TXT,0.09804,0.4,0.15748,1
ROUGE-3,SJMN91-06182091,SYSSUM1.TXT,0.0566,0.25,0.09231,1
ROUGE-3,AP881222-0089,SYSSUM1.TXT,0.03704,0.05882,0.04545,1
ROUGE-3,FT942-11114,SYSSUM1.TXT,0.13861,0.53846,0.22047,1
ROUGE-3,AP890117-0132,SYSSUM1.TXT,0.03093,0.13636,0.05042,1
ROUGE-3,LA110589-0082,SYSSUM1.TXT,0,0,0,1
ROUGE-3,WSJ900720-0113,SYSSUM1.TXT,0.01835,0.08,0.02985,1
ROUGE-3,LA092790-0010,SYSSUM1.TXT,0,0,0,1
ROUGE-3,LA081489-0025,SYSSUM1.TXT,0,0,0,1
